customer_id,12,inquire,3698701270,saving_acct,QMHFGJGEHIJGOIYAQJVP,ATM,QNAFBUNUTCILCPDRYBDN,"{\"action\": {\"txn_amt\": 0.0, \"txn_fee_amt\": 0.0, \"trans_type\": \"trans_out\"}, \"object\": {\"target_bank_code\": \"Cathay\", \"target_acct_nbr\": \"CMQKANIFYKSYGZCHFZVU\"}, \"channel\": {\"address_zipcode\": 511941, \"machine_bank_code\": \"Cathay\"}}",3696969600,atm
customer_id,37,inquire,3698701270,saving_acct,QMHFGJGEHIJGOIYAQJVP,ATM,QNAFBUNUTCILCPDRYBDN,"{\"action\": {\"txn_amt\": 0.0, \"txn_fee_amt\": 0.0, \"trans_type\": \"trans_out\"}, \"object\": {\"target_bank_code\": \"Cathay\", \"target_acct_nbr\": \"CMQKANIFYKSYGZCHFZVU\"}, \"channel\": {\"address_zipcode\": 511941, \"machine_bank_code\": \"Cathay\"}}",3696969600,atm
customer_id,5,withdraw,3698706252,saving_acct,IKQMRPVFYGHJRIOLRUHU,ATM,NPRMDUKYHRAPHTLJGJQJ,"{\"action\": {\"txn_amt\": 845.7623499888138, \"txn_fee_amt\": 15.0, \"trans_type\": \"trans_out\"}, \"object\": {\"target_bank_code\": \"C_bank\", \"target_acct_nbr\": \"YCVGCLQYGBEYWQQRGCOI\"}, \"channel\": {\"address_zipcode\": 303051, \"machine_bank_code\": \"Cathay\"}}",3696969600,atm
customer_id,30,withdraw,3698706252,saving_acct,IKQMRPVFYGHJRIOLRUHU,ATM,NPRMDUKYHRAPHTLJGJQJ,"{\"action\": {\"txn_amt\": 845.7623499888138, \"txn_fee_amt\": 15.0, \"trans_type\": \"trans_out\"}, \"object\": {\"target_bank_code\": \"C_bank\", \"target_acct_nbr\": \"YCVGCLQYGBEYWQQRGCOI\"}, \"channel\": {\"address_zipcode\": 303051, \"machine_bank_code\": \"Cathay\"}}",3696969600,atm
customer_id,20,inquire,3698709533,saving_acct,KSPQJJIPXFTFGLUBTOAJ,ATM,JTGTJUQNCOYULVFDKFGM,"{\"action\": {\"txn_amt\": 0.0, \"txn_fee_amt\": 0.0, \"trans_type\": \"trans_out\"}, \"object\": {\"target_bank_code\": \"Cathay\", \"target_acct_nbr\": \"SGHBKRZGCKLLONGMTUXX\"}, \"channel\": {\"address_zipcode\": 373933, \"machine_bank_code\": \"Cathay\"}}",3696969600,atm
customer_id,45,inquire,3698709533,saving_acct,KSPQJJIPXFTFGLUBTOAJ,ATM,JTGTJUQNCOYULVFDKFGM,"{\"action\": {\"txn_amt\": 0.0, \"txn_fee_amt\": 0.0, \"trans_type\": \"trans_out\"}, \"object\": {\"target_bank_code\": \"Cathay\", \"target_acct_nbr\": \"SGHBKRZGCKLLONGMTUXX\"}, \"channel\": {\"address_zipcode\": 373933, \"machine_bank_code\": \"Cathay\"}}",3696969600,atm
customer_id,20,withdraw,3698713159,saving_acct,NRZHOWSKYNFNCRLGEWRB,ATM,KGQSKAJGFBIUZBDPDLUT,"{\"action\": {\"txn_amt\": 2168.352703274506, \"txn_fee_amt\": 15.0, \"trans_type\": \"trans_out\"}, \"object\": {\"target_bank_code\": \"Cathay\", \"target_acct_nbr\": \"GMULQBPVGBOAINDBCHLZ\"}, \"channel\": {\"address_zipcode\": 219493, \"machine_bank_code\": \"B_bank\"}}",3696969600,atm
customer_id,45,withdraw,3698713159,saving_acct,NRZHOWSKYNFNCRLGEWRB,ATM,KGQSKAJGFBIUZBDPDLUT,"{\"action\": {\"txn_amt\": 2168.352703274506, \"txn_fee_amt\": 15.0, \"trans_type\": \"trans_out\"}, \"object\": {\"target_bank_code\": \"Cathay\", \"target_acct_nbr\": \"GMULQBPVGBOAINDBCHLZ\"}, \"channel\": {\"address_zipcode\": 219493, \"machine_bank_code\": \"B_bank\"}}",3696969600,atm
