customer_id,16,withdraw,3699429897,saving_acct,DPNPMUYQSKATEKPSPXKC,ATM,PLAYIILQMVQQBMSVOOAM,"{\"action\": {\"txn_amt\": 2507.6629821334973, \"txn_fee_amt\": 15.0, \"trans_type\": \"trans_out\"}, \"object\": {\"target_bank_code\": \"A_bank\", \"target_acct_nbr\": \"IXGZKJPGEBNJXVGYMFON\"}, \"channel\": {\"address_zipcode\": 955507, \"machine_bank_code\": \"Cathay\"}}",3696969600,atm
customer_id,41,withdraw,3699429897,saving_acct,DPNPMUYQSKATEKPSPXKC,ATM,PLAYIILQMVQQBMSVOOAM,"{\"action\": {\"txn_amt\": 2507.6629821334973, \"txn_fee_amt\": 15.0, \"trans_type\": \"trans_out\"}, \"object\": {\"target_bank_code\": \"A_bank\", \"target_acct_nbr\": \"IXGZKJPGEBNJXVGYMFON\"}, \"channel\": {\"address_zipcode\": 955507, \"machine_bank_code\": \"Cathay\"}}",3696969600,atm
customer_id,21,inquire,3699431036,saving_acct,RETQURIFVTAXAHCFQFQI,ATM,ZDFNYSYXXKTTJPHVZSML,"{\"action\": {\"txn_amt\": 0.0, \"txn_fee_amt\": 0.0, \"trans_type\": \"trans_out\"}, \"object\": {\"target_bank_code\": \"Cathay\", \"target_acct_nbr\": \"HSIKQEBOXJGZVJBTPHMV\"}, \"channel\": {\"address_zipcode\": 154843, \"machine_bank_code\": \"C_bank\"}}",3696969600,atm
customer_id,46,inquire,3699431036,saving_acct,RETQURIFVTAXAHCFQFQI,ATM,ZDFNYSYXXKTTJPHVZSML,"{\"action\": {\"txn_amt\": 0.0, \"txn_fee_amt\": 0.0, \"trans_type\": \"trans_out\"}, \"object\": {\"target_bank_code\": \"Cathay\", \"target_acct_nbr\": \"HSIKQEBOXJGZVJBTPHMV\"}, \"channel\": {\"address_zipcode\": 154843, \"machine_bank_code\": \"C_bank\"}}",3696969600,atm
customer_id,20,withdraw,3699431517,saving_acct,GAGGPJUNTVLEIEGYTUIA,ATM,JEUENQIWKAJSDWYHAGJM,"{\"action\": {\"txn_amt\": 237.19732228857427, \"txn_fee_amt\": 15.0, \"trans_type\": \"trans_out\"}, \"object\": {\"target_bank_code\": \"Cathay\", \"target_acct_nbr\": \"GOYCZYOTKGCPAAMTGKTE\"}, \"channel\": {\"address_zipcode\": 353431, \"machine_bank_code\": \"Cathay\"}}",3696969600,atm
customer_id,45,withdraw,3699431517,saving_acct,GAGGPJUNTVLEIEGYTUIA,ATM,JEUENQIWKAJSDWYHAGJM,"{\"action\": {\"txn_amt\": 237.19732228857427, \"txn_fee_amt\": 15.0, \"trans_type\": \"trans_out\"}, \"object\": {\"target_bank_code\": \"Cathay\", \"target_acct_nbr\": \"GOYCZYOTKGCPAAMTGKTE\"}, \"channel\": {\"address_zipcode\": 353431, \"machine_bank_code\": \"Cathay\"}}",3696969600,atm
customer_id,19,inquire,3699437935,saving_acct,MOFIUBXYQICPYBBVTDCH,ATM,XOGYGLERDAAYKAUJXCPY,"{\"action\": {\"txn_amt\": 0.0, \"txn_fee_amt\": 0.0, \"trans_type\": \"trans_out\"}, \"object\": {\"target_bank_code\": \"Cathay\", \"target_acct_nbr\": \"ZQJMYKGAYVXEVLXZWLVX\"}, \"channel\": {\"address_zipcode\": 529257, \"machine_bank_code\": \"Cathay\"}}",3696969600,atm
customer_id,44,inquire,3699437935,saving_acct,MOFIUBXYQICPYBBVTDCH,ATM,XOGYGLERDAAYKAUJXCPY,"{\"action\": {\"txn_amt\": 0.0, \"txn_fee_amt\": 0.0, \"trans_type\": \"trans_out\"}, \"object\": {\"target_bank_code\": \"Cathay\", \"target_acct_nbr\": \"ZQJMYKGAYVXEVLXZWLVX\"}, \"channel\": {\"address_zipcode\": 529257, \"machine_bank_code\": \"Cathay\"}}",3696969600,atm
