customer_id,15,transfer,3699555376,saving_acct,IFSCKRPBGOTQZNZMSGAB,ATM,CJBSJLRYOJVVNBYKLZSN,"{\"action\": {\"txn_amt\": 452.98407726830806, \"txn_fee_amt\": 15.0, \"trans_type\": \"trans_in\"}, \"object\": {\"target_bank_code\": \"Cathay\", \"target_acct_nbr\": \"IALEXUZHBAYIAWHMJLPT\"}, \"channel\": {\"address_zipcode\": 238633, \"machine_bank_code\": \"B_bank\"}}",3696969600,atm
customer_id,40,transfer,3699555376,saving_acct,IFSCKRPBGOTQZNZMSGAB,ATM,CJBSJLRYOJVVNBYKLZSN,"{\"action\": {\"txn_amt\": 452.98407726830806, \"txn_fee_amt\": 15.0, \"trans_type\": \"trans_in\"}, \"object\": {\"target_bank_code\": \"Cathay\", \"target_acct_nbr\": \"IALEXUZHBAYIAWHMJLPT\"}, \"channel\": {\"address_zipcode\": 238633, \"machine_bank_code\": \"B_bank\"}}",3696969600,atm
customer_id,21,inquire,3699555502,saving_acct,VBJCXYXKDWWLEYTSTDHA,ATM,DGWVYAGWJWYWPCBSRTST,"{\"action\": {\"txn_amt\": 0.0, \"txn_fee_amt\": 0.0, \"trans_type\": \"trans_out\"}, \"object\": {\"target_bank_code\": \"Cathay\", \"target_acct_nbr\": \"RRUTUVRVLWYAJWEGAFVW\"}, \"channel\": {\"address_zipcode\": 189661, \"machine_bank_code\": \"B_bank\"}}",3696969600,atm
customer_id,46,inquire,3699555502,saving_acct,VBJCXYXKDWWLEYTSTDHA,ATM,DGWVYAGWJWYWPCBSRTST,"{\"action\": {\"txn_amt\": 0.0, \"txn_fee_amt\": 0.0, \"trans_type\": \"trans_out\"}, \"object\": {\"target_bank_code\": \"Cathay\", \"target_acct_nbr\": \"RRUTUVRVLWYAJWEGAFVW\"}, \"channel\": {\"address_zipcode\": 189661, \"machine_bank_code\": \"B_bank\"}}",3696969600,atm
customer_id,20,inquire,3699555880,saving_acct,KSNRORLZGJGWEZYNVJGR,ATM,TVKEJRFYRLYVJDDLBANO,"{\"action\": {\"txn_amt\": 0.0, \"txn_fee_amt\": 0.0, \"trans_type\": \"trans_out\"}, \"object\": {\"target_bank_code\": \"Cathay\", \"target_acct_nbr\": \"APAJXIRMOXSRIUPQWDCD\"}, \"channel\": {\"address_zipcode\": 830833, \"machine_bank_code\": \"Cathay\"}}",3696969600,atm
customer_id,45,inquire,3699555880,saving_acct,KSNRORLZGJGWEZYNVJGR,ATM,TVKEJRFYRLYVJDDLBANO,"{\"action\": {\"txn_amt\": 0.0, \"txn_fee_amt\": 0.0, \"trans_type\": \"trans_out\"}, \"object\": {\"target_bank_code\": \"Cathay\", \"target_acct_nbr\": \"APAJXIRMOXSRIUPQWDCD\"}, \"channel\": {\"address_zipcode\": 830833, \"machine_bank_code\": \"Cathay\"}}",3696969600,atm
customer_id,21,withdraw,3699556034,saving_acct,JILJAVPHTXUHGWEHDTQN,ATM,LEIHOOVXTULGEQTPGWJM,"{\"action\": {\"txn_amt\": 1062.9316881039326, \"txn_fee_amt\": 15.0, \"trans_type\": \"trans_out\"}, \"object\": {\"target_bank_code\": \"B_bank\", \"target_acct_nbr\": \"NSTAJHDEWDKHORHJACIE\"}, \"channel\": {\"address_zipcode\": 532171, \"machine_bank_code\": \"A_bank\"}}",3696969600,atm
customer_id,46,withdraw,3699556034,saving_acct,JILJAVPHTXUHGWEHDTQN,ATM,LEIHOOVXTULGEQTPGWJM,"{\"action\": {\"txn_amt\": 1062.9316881039326, \"txn_fee_amt\": 15.0, \"trans_type\": \"trans_out\"}, \"object\": {\"target_bank_code\": \"B_bank\", \"target_acct_nbr\": \"NSTAJHDEWDKHORHJACIE\"}, \"channel\": {\"address_zipcode\": 532171, \"machine_bank_code\": \"A_bank\"}}",3696969600,atm
