customer_id,15,inquire,3699264854,saving_acct,OTTLSOZFQCCENYDCQVVU,ATM,BZENZMAQCEUQPXXNZKNF,"{\"action\": {\"txn_amt\": 0.0, \"txn_fee_amt\": 0.0, \"trans_type\": \"trans_out\"}, \"object\": {\"target_bank_code\": \"Cathay\", \"target_acct_nbr\": \"CZRSBNDZWXQDCSXSFGEE\"}, \"channel\": {\"address_zipcode\": 86143, \"machine_bank_code\": \"B_bank\"}}",3696969600,atm
customer_id,40,inquire,3699264854,saving_acct,OTTLSOZFQCCENYDCQVVU,ATM,BZENZMAQCEUQPXXNZKNF,"{\"action\": {\"txn_amt\": 0.0, \"txn_fee_amt\": 0.0, \"trans_type\": \"trans_out\"}, \"object\": {\"target_bank_code\": \"Cathay\", \"target_acct_nbr\": \"CZRSBNDZWXQDCSXSFGEE\"}, \"channel\": {\"address_zipcode\": 86143, \"machine_bank_code\": \"B_bank\"}}",3696969600,atm
customer_id,20,transfer,3699265899,saving_acct,SISGPYVELDUBNBEGMRCM,ATM,YSYZTIQKXDHEWXBFZPFM,"{\"action\": {\"txn_amt\": 1052.6927630040698, \"txn_fee_amt\": 15.0, \"trans_type\": \"trans_in\"}, \"object\": {\"target_bank_code\": \"Cathay\", \"target_acct_nbr\": \"DCOZFXOWUCXGVYSLMRIK\"}, \"channel\": {\"address_zipcode\": 730171, \"machine_bank_code\": \"A_bank\"}}",3696969600,atm
customer_id,45,transfer,3699265899,saving_acct,SISGPYVELDUBNBEGMRCM,ATM,YSYZTIQKXDHEWXBFZPFM,"{\"action\": {\"txn_amt\": 1052.6927630040698, \"txn_fee_amt\": 15.0, \"trans_type\": \"trans_in\"}, \"object\": {\"target_bank_code\": \"Cathay\", \"target_acct_nbr\": \"DCOZFXOWUCXGVYSLMRIK\"}, \"channel\": {\"address_zipcode\": 730171, \"machine_bank_code\": \"A_bank\"}}",3696969600,atm
customer_id,24,transfer,3699270226,saving_acct,CWZYGVQDLTRQTZPJOYZN,ATM,QCNXSPEOXXQEKGTIKTRI,"{\"action\": {\"txn_amt\": 669.6558442084662, \"txn_fee_amt\": 15.0, \"trans_type\": \"trans_in\"}, \"object\": {\"target_bank_code\": \"Cathay\", \"target_acct_nbr\": \"AYQWCPLPDQOHWYRSMDHX\"}, \"channel\": {\"address_zipcode\": 644007, \"machine_bank_code\": \"Cathay\"}}",3696969600,atm
customer_id,49,transfer,3699270226,saving_acct,CWZYGVQDLTRQTZPJOYZN,ATM,QCNXSPEOXXQEKGTIKTRI,"{\"action\": {\"txn_amt\": 669.6558442084662, \"txn_fee_amt\": 15.0, \"trans_type\": \"trans_in\"}, \"object\": {\"target_bank_code\": \"Cathay\", \"target_acct_nbr\": \"AYQWCPLPDQOHWYRSMDHX\"}, \"channel\": {\"address_zipcode\": 644007, \"machine_bank_code\": \"Cathay\"}}",3696969600,atm
customer_id,14,transfer,3699275860,saving_acct,KEOMNDHQHRCUEIIPORET,ATM,RBSLITDFASOAXLZHAFLK,"{\"action\": {\"txn_amt\": 2118.6036583052396, \"txn_fee_amt\": 15.0, \"trans_type\": \"trans_in\"}, \"object\": {\"target_bank_code\": \"Cathay\", \"target_acct_nbr\": \"MYJGSNOHIHGYHNJYWVCK\"}, \"channel\": {\"address_zipcode\": 676507, \"machine_bank_code\": \"B_bank\"}}",3696969600,atm
customer_id,39,transfer,3699275860,saving_acct,KEOMNDHQHRCUEIIPORET,ATM,RBSLITDFASOAXLZHAFLK,"{\"action\": {\"txn_amt\": 2118.6036583052396, \"txn_fee_amt\": 15.0, \"trans_type\": \"trans_in\"}, \"object\": {\"target_bank_code\": \"Cathay\", \"target_acct_nbr\": \"MYJGSNOHIHGYHNJYWVCK\"}, \"channel\": {\"address_zipcode\": 676507, \"machine_bank_code\": \"B_bank\"}}",3696969600,atm
