customer_id,4,withdraw,3697340968,saving_acct,KZYGTYDOYDULQTOQTXJG,ATM,GRJMLTVUHQUKIGCKGJZI,"{\"action\": {\"txn_amt\": 440.5618433922613, \"txn_fee_amt\": 15.0, \"trans_type\": \"trans_out\"}, \"object\": {\"target_bank_code\": \"Cathay\", \"target_acct_nbr\": \"FMVSNXWFGYXFJXEPGJOY\"}, \"channel\": {\"address_zipcode\": 35533, \"machine_bank_code\": \"Cathay\"}}",3696969600,atm
customer_id,29,withdraw,3697340968,saving_acct,KZYGTYDOYDULQTOQTXJG,ATM,GRJMLTVUHQUKIGCKGJZI,"{\"action\": {\"txn_amt\": 440.5618433922613, \"txn_fee_amt\": 15.0, \"trans_type\": \"trans_out\"}, \"object\": {\"target_bank_code\": \"Cathay\", \"target_acct_nbr\": \"FMVSNXWFGYXFJXEPGJOY\"}, \"channel\": {\"address_zipcode\": 35533, \"machine_bank_code\": \"Cathay\"}}",3696969600,atm
customer_id,15,withdraw,3697347208,saving_acct,CIBGKOFPWCDOFWMTEYTZ,ATM,DXGVCWDTDZHYJCGDXEUP,"{\"action\": {\"txn_amt\": 506.1089029533213, \"txn_fee_amt\": 15.0, \"trans_type\": \"trans_out\"}, \"object\": {\"target_bank_code\": \"B_bank\", \"target_acct_nbr\": \"EJCXKVYBJWKPGVJDCPFB\"}, \"channel\": {\"address_zipcode\": 118681, \"machine_bank_code\": \"Cathay\"}}",3696969600,atm
customer_id,40,withdraw,3697347208,saving_acct,CIBGKOFPWCDOFWMTEYTZ,ATM,DXGVCWDTDZHYJCGDXEUP,"{\"action\": {\"txn_amt\": 506.1089029533213, \"txn_fee_amt\": 15.0, \"trans_type\": \"trans_out\"}, \"object\": {\"target_bank_code\": \"B_bank\", \"target_acct_nbr\": \"EJCXKVYBJWKPGVJDCPFB\"}, \"channel\": {\"address_zipcode\": 118681, \"machine_bank_code\": \"Cathay\"}}",3696969600,atm
customer_id,6,inquire,3697348628,saving_acct,ZCAMMOCQTGMDDEXNYQVE,ATM,BFCEXJFNQOHSTNBMEUTL,"{\"action\": {\"txn_amt\": 0.0, \"txn_fee_amt\": 0.0, \"trans_type\": \"trans_out\"}, \"object\": {\"target_bank_code\": \"Cathay\", \"target_acct_nbr\": \"CNZLTFZKMASMBIYCIWLR\"}, \"channel\": {\"address_zipcode\": 69433, \"machine_bank_code\": \"A_bank\"}}",3696969600,atm
customer_id,31,inquire,3697348628,saving_acct,ZCAMMOCQTGMDDEXNYQVE,ATM,BFCEXJFNQOHSTNBMEUTL,"{\"action\": {\"txn_amt\": 0.0, \"txn_fee_amt\": 0.0, \"trans_type\": \"trans_out\"}, \"object\": {\"target_bank_code\": \"Cathay\", \"target_acct_nbr\": \"CNZLTFZKMASMBIYCIWLR\"}, \"channel\": {\"address_zipcode\": 69433, \"machine_bank_code\": \"A_bank\"}}",3696969600,atm
customer_id,20,inquire,3697348693,saving_acct,YURDWOPRLMNRYPIPMAQI,ATM,BVYBMUOVLOCPAZLLLIRW,"{\"action\": {\"txn_amt\": 0.0, \"txn_fee_amt\": 0.0, \"trans_type\": \"trans_out\"}, \"object\": {\"target_bank_code\": \"Cathay\", \"target_acct_nbr\": \"NTKRPDJVIOXICUBWQOVL\"}, \"channel\": {\"address_zipcode\": 79243, \"machine_bank_code\": \"Cathay\"}}",3696969600,atm
customer_id,45,inquire,3697348693,saving_acct,YURDWOPRLMNRYPIPMAQI,ATM,BVYBMUOVLOCPAZLLLIRW,"{\"action\": {\"txn_amt\": 0.0, \"txn_fee_amt\": 0.0, \"trans_type\": \"trans_out\"}, \"object\": {\"target_bank_code\": \"Cathay\", \"target_acct_nbr\": \"NTKRPDJVIOXICUBWQOVL\"}, \"channel\": {\"address_zipcode\": 79243, \"machine_bank_code\": \"Cathay\"}}",3696969600,atm
