customer_id,25,withdraw,3697215572,saving_acct,FFRNKLBQGLFYSXKDCVOG,ATM,ELZPZBHQTOMFPNJSNCKB,"{\"action\": {\"txn_amt\": 168.63040807560972, \"txn_fee_amt\": 15.0, \"trans_type\": \"trans_out\"}, \"object\": {\"target_bank_code\": \"Cathay\", \"target_acct_nbr\": \"JYHIRWZIAVQBOPOWKSXZ\"}, \"channel\": {\"address_zipcode\": 754293, \"machine_bank_code\": \"Cathay\"}}",3696969600,atm
customer_id,50,withdraw,3697215572,saving_acct,FFRNKLBQGLFYSXKDCVOG,ATM,ELZPZBHQTOMFPNJSNCKB,"{\"action\": {\"txn_amt\": 168.63040807560972, \"txn_fee_amt\": 15.0, \"trans_type\": \"trans_out\"}, \"object\": {\"target_bank_code\": \"Cathay\", \"target_acct_nbr\": \"JYHIRWZIAVQBOPOWKSXZ\"}, \"channel\": {\"address_zipcode\": 754293, \"machine_bank_code\": \"Cathay\"}}",3696969600,atm
customer_id,15,withdraw,3697216168,saving_acct,TQESYJGCVZVSWLBXGBDO,ATM,MGNFXYXHBPXOOXRPXANA,"{\"action\": {\"txn_amt\": 65.95184290766987, \"txn_fee_amt\": 15.0, \"trans_type\": \"trans_out\"}, \"object\": {\"target_bank_code\": \"Cathay\", \"target_acct_nbr\": \"LWPLMJYQTMTCTVLFZXXG\"}, \"channel\": {\"address_zipcode\": 645613, \"machine_bank_code\": \"C_bank\"}}",3696969600,atm
customer_id,40,withdraw,3697216168,saving_acct,TQESYJGCVZVSWLBXGBDO,ATM,MGNFXYXHBPXOOXRPXANA,"{\"action\": {\"txn_amt\": 65.95184290766987, \"txn_fee_amt\": 15.0, \"trans_type\": \"trans_out\"}, \"object\": {\"target_bank_code\": \"Cathay\", \"target_acct_nbr\": \"LWPLMJYQTMTCTVLFZXXG\"}, \"channel\": {\"address_zipcode\": 645613, \"machine_bank_code\": \"C_bank\"}}",3696969600,atm
customer_id,22,transfer,3697218012,saving_acct,ZQTDWCGQTZTPOVKHSPHJ,ATM,BOMHMLHJBHLDZHHLGNVT,"{\"action\": {\"txn_amt\": 1729.9006590420804, \"txn_fee_amt\": 15.0, \"trans_type\": \"trans_in\"}, \"object\": {\"target_bank_code\": \"Cathay\", \"target_acct_nbr\": \"NFPUCWIVNVEDEQCQIMTK\"}, \"channel\": {\"address_zipcode\": 43473, \"machine_bank_code\": \"Cathay\"}}",3696969600,atm
customer_id,47,transfer,3697218012,saving_acct,ZQTDWCGQTZTPOVKHSPHJ,ATM,BOMHMLHJBHLDZHHLGNVT,"{\"action\": {\"txn_amt\": 1729.9006590420804, \"txn_fee_amt\": 15.0, \"trans_type\": \"trans_in\"}, \"object\": {\"target_bank_code\": \"Cathay\", \"target_acct_nbr\": \"NFPUCWIVNVEDEQCQIMTK\"}, \"channel\": {\"address_zipcode\": 43473, \"machine_bank_code\": \"Cathay\"}}",3696969600,atm
customer_id,21,withdraw,3697219756,saving_acct,AUZQSVQQCIAQEYVZQGFO,ATM,YEJCBKJYLKXWZTIMNPVI,"{\"action\": {\"txn_amt\": 91.3691131910371, \"txn_fee_amt\": 15.0, \"trans_type\": \"trans_out\"}, \"object\": {\"target_bank_code\": \"A_bank\", \"target_acct_nbr\": \"MLMCBVEIOQLSRTIRZWJV\"}, \"channel\": {\"address_zipcode\": 17031, \"machine_bank_code\": \"Cathay\"}}",3696969600,atm
customer_id,46,withdraw,3697219756,saving_acct,AUZQSVQQCIAQEYVZQGFO,ATM,YEJCBKJYLKXWZTIMNPVI,"{\"action\": {\"txn_amt\": 91.3691131910371, \"txn_fee_amt\": 15.0, \"trans_type\": \"trans_out\"}, \"object\": {\"target_bank_code\": \"A_bank\", \"target_acct_nbr\": \"MLMCBVEIOQLSRTIRZWJV\"}, \"channel\": {\"address_zipcode\": 17031, \"machine_bank_code\": \"Cathay\"}}",3696969600,atm
