customer_id,8,transfer,3697841813,saving_acct,SGLIVZGOVKINZMMFOEOL,ATM,LUAMUIQPILRPNEBQIFLQ,"{\"action\": {\"txn_amt\": 2228.8310045843787, \"txn_fee_amt\": 15.0, \"trans_type\": \"trans_in\"}, \"object\": {\"target_bank_code\": \"Cathay\", \"target_acct_nbr\": \"FFUCVRODURLAKAMQHCKX\"}, \"channel\": {\"address_zipcode\": 973183, \"machine_bank_code\": \"Cathay\"}}",3696969600,atm
customer_id,33,transfer,3697841813,saving_acct,SGLIVZGOVKINZMMFOEOL,ATM,LUAMUIQPILRPNEBQIFLQ,"{\"action\": {\"txn_amt\": 2228.8310045843787, \"txn_fee_amt\": 15.0, \"trans_type\": \"trans_in\"}, \"object\": {\"target_bank_code\": \"Cathay\", \"target_acct_nbr\": \"FFUCVRODURLAKAMQHCKX\"}, \"channel\": {\"address_zipcode\": 973183, \"machine_bank_code\": \"Cathay\"}}",3696969600,atm
customer_id,21,transfer,3697846623,saving_acct,SWOSYMHHFOWTFWSEDCLZ,ATM,QVZSKGVQFFEFSRLUEYFK,"{\"action\": {\"txn_amt\": 737.0037820870924, \"txn_fee_amt\": 15.0, \"trans_type\": \"trans_in\"}, \"object\": {\"target_bank_code\": \"Cathay\", \"target_acct_nbr\": \"VTQKHUXRABNLSPEJVBHS\"}, \"channel\": {\"address_zipcode\": 500557, \"machine_bank_code\": \"B_bank\"}}",3696969600,atm
customer_id,46,transfer,3697846623,saving_acct,SWOSYMHHFOWTFWSEDCLZ,ATM,QVZSKGVQFFEFSRLUEYFK,"{\"action\": {\"txn_amt\": 737.0037820870924, \"txn_fee_amt\": 15.0, \"trans_type\": \"trans_in\"}, \"object\": {\"target_bank_code\": \"Cathay\", \"target_acct_nbr\": \"VTQKHUXRABNLSPEJVBHS\"}, \"channel\": {\"address_zipcode\": 500557, \"machine_bank_code\": \"B_bank\"}}",3696969600,atm
customer_id,2,transfer,3697848207,saving_acct,JKDHLVBAQVPSSSQDHPBI,ATM,KGEEVZLWQJGNEDGQBVTJ,"{\"action\": {\"txn_amt\": 1510.678093843276, \"txn_fee_amt\": 15.0, \"trans_type\": \"trans_in\"}, \"object\": {\"target_bank_code\": \"Cathay\", \"target_acct_nbr\": \"XOWOJQSGBOTIDJHWPTMQ\"}, \"channel\": {\"address_zipcode\": 111891, \"machine_bank_code\": \"Cathay\"}}",3696969600,atm
customer_id,27,transfer,3697848207,saving_acct,JKDHLVBAQVPSSSQDHPBI,ATM,KGEEVZLWQJGNEDGQBVTJ,"{\"action\": {\"txn_amt\": 1510.678093843276, \"txn_fee_amt\": 15.0, \"trans_type\": \"trans_in\"}, \"object\": {\"target_bank_code\": \"Cathay\", \"target_acct_nbr\": \"XOWOJQSGBOTIDJHWPTMQ\"}, \"channel\": {\"address_zipcode\": 111891, \"machine_bank_code\": \"Cathay\"}}",3696969600,atm
customer_id,14,withdraw,3697849997,saving_acct,ABFLGDPWNCKTOPIORRKP,ATM,BGKZFBEMAZOBLBTCOMJC,"{\"action\": {\"txn_amt\": 316.0014104382203, \"txn_fee_amt\": 15.0, \"trans_type\": \"trans_out\"}, \"object\": {\"target_bank_code\": \"Cathay\", \"target_acct_nbr\": \"KOJVZBZQGMRWXBQZAQSM\"}, \"channel\": {\"address_zipcode\": 56407, \"machine_bank_code\": \"Cathay\"}}",3696969600,atm
customer_id,39,withdraw,3697849997,saving_acct,ABFLGDPWNCKTOPIORRKP,ATM,BGKZFBEMAZOBLBTCOMJC,"{\"action\": {\"txn_amt\": 316.0014104382203, \"txn_fee_amt\": 15.0, \"trans_type\": \"trans_out\"}, \"object\": {\"target_bank_code\": \"Cathay\", \"target_acct_nbr\": \"KOJVZBZQGMRWXBQZAQSM\"}, \"channel\": {\"address_zipcode\": 56407, \"machine_bank_code\": \"Cathay\"}}",3696969600,atm
