customer_id,25,withdraw,3697583362,saving_acct,WZKZNVDYYWDIEBDFTLQT,ATM,ANPGUAQUNPVDCEKUSOZY,"{\"action\": {\"txn_amt\": 5547.36121170069, \"txn_fee_amt\": 15.0, \"trans_type\": \"trans_out\"}, \"object\": {\"target_bank_code\": \"C_bank\", \"target_acct_nbr\": \"UVAYZAFOXBRZSPMYAUUG\"}, \"channel\": {\"address_zipcode\": 309693, \"machine_bank_code\": \"Cathay\"}}",3696969600,atm
customer_id,50,withdraw,3697583362,saving_acct,WZKZNVDYYWDIEBDFTLQT,ATM,ANPGUAQUNPVDCEKUSOZY,"{\"action\": {\"txn_amt\": 5547.36121170069, \"txn_fee_amt\": 15.0, \"trans_type\": \"trans_out\"}, \"object\": {\"target_bank_code\": \"C_bank\", \"target_acct_nbr\": \"UVAYZAFOXBRZSPMYAUUG\"}, \"channel\": {\"address_zipcode\": 309693, \"machine_bank_code\": \"Cathay\"}}",3696969600,atm
customer_id,9,transfer,3697595471,saving_acct,NZZEHBZASDUQYJGOLNZU,ATM,TMPZABTAXHEASUJCAUEH,"{\"action\": {\"txn_amt\": 337.7454735208858, \"txn_fee_amt\": 15.0, \"trans_type\": \"trans_in\"}, \"object\": {\"target_bank_code\": \"C_bank\", \"target_acct_nbr\": \"PZHSRLCHGEGRRQCRMAUL\"}, \"channel\": {\"address_zipcode\": 471283, \"machine_bank_code\": \"Cathay\"}}",3696969600,atm
customer_id,34,transfer,3697595471,saving_acct,NZZEHBZASDUQYJGOLNZU,ATM,TMPZABTAXHEASUJCAUEH,"{\"action\": {\"txn_amt\": 337.7454735208858, \"txn_fee_amt\": 15.0, \"trans_type\": \"trans_in\"}, \"object\": {\"target_bank_code\": \"C_bank\", \"target_acct_nbr\": \"PZHSRLCHGEGRRQCRMAUL\"}, \"channel\": {\"address_zipcode\": 471283, \"machine_bank_code\": \"Cathay\"}}",3696969600,atm
customer_id,25,inquire,3697597325,saving_acct,VYRLALYMASNUHVUHRPNL,ATM,ZYVFWYGNUUGXEUONVANM,"{\"action\": {\"txn_amt\": 0.0, \"txn_fee_amt\": 0.0, \"trans_type\": \"trans_out\"}, \"object\": {\"target_bank_code\": \"C_bank\", \"target_acct_nbr\": \"KVSQWCXZYYRTEBQLEQPF\"}, \"channel\": {\"address_zipcode\": 636007, \"machine_bank_code\": \"Cathay\"}}",3696969600,atm
customer_id,50,inquire,3697597325,saving_acct,VYRLALYMASNUHVUHRPNL,ATM,ZYVFWYGNUUGXEUONVANM,"{\"action\": {\"txn_amt\": 0.0, \"txn_fee_amt\": 0.0, \"trans_type\": \"trans_out\"}, \"object\": {\"target_bank_code\": \"C_bank\", \"target_acct_nbr\": \"KVSQWCXZYYRTEBQLEQPF\"}, \"channel\": {\"address_zipcode\": 636007, \"machine_bank_code\": \"Cathay\"}}",3696969600,atm
customer_id,11,inquire,3697601268,saving_acct,XHTSNNBSDYUQPTSGNYCM,ATM,RGADNCJWSNHCBYTOZIWP,"{\"action\": {\"txn_amt\": 0.0, \"txn_fee_amt\": 0.0, \"trans_type\": \"trans_out\"}, \"object\": {\"target_bank_code\": \"Cathay\", \"target_acct_nbr\": \"SUIPOQYAZATWMUAWMFXR\"}, \"channel\": {\"address_zipcode\": 228963, \"machine_bank_code\": \"Cathay\"}}",3696969600,atm
customer_id,36,inquire,3697601268,saving_acct,XHTSNNBSDYUQPTSGNYCM,ATM,RGADNCJWSNHCBYTOZIWP,"{\"action\": {\"txn_amt\": 0.0, \"txn_fee_amt\": 0.0, \"trans_type\": \"trans_out\"}, \"object\": {\"target_bank_code\": \"Cathay\", \"target_acct_nbr\": \"SUIPOQYAZATWMUAWMFXR\"}, \"channel\": {\"address_zipcode\": 228963, \"machine_bank_code\": \"Cathay\"}}",3696969600,atm
