customer_id,3,transfer,3698434566,saving_acct,OSQHABJDHYTPGWYDKFWL,ATM,EGODCAETFBMSXZCKWCOI,"{\"action\": {\"txn_amt\": 1107.4209857221406, \"txn_fee_amt\": 15.0, \"trans_type\": \"trans_in\"}, \"object\": {\"target_bank_code\": \"Cathay\", \"target_acct_nbr\": \"IHNIFLFIQDMFHFXQDQJR\"}, \"channel\": {\"address_zipcode\": 242557, \"machine_bank_code\": \"B_bank\"}}",3696969600,atm
customer_id,28,transfer,3698434566,saving_acct,OSQHABJDHYTPGWYDKFWL,ATM,EGODCAETFBMSXZCKWCOI,"{\"action\": {\"txn_amt\": 1107.4209857221406, \"txn_fee_amt\": 15.0, \"trans_type\": \"trans_in\"}, \"object\": {\"target_bank_code\": \"Cathay\", \"target_acct_nbr\": \"IHNIFLFIQDMFHFXQDQJR\"}, \"channel\": {\"address_zipcode\": 242557, \"machine_bank_code\": \"B_bank\"}}",3696969600,atm
customer_id,16,inquire,3698437372,saving_acct,SRCYJBGGNQZBFGEDXGVH,ATM,AASPBIITPOKKIIUPYXGC,"{\"action\": {\"txn_amt\": 0.0, \"txn_fee_amt\": 0.0, \"trans_type\": \"trans_out\"}, \"object\": {\"target_bank_code\": \"Cathay\", \"target_acct_nbr\": \"XWHZMWYMQAJTGBGUCUTK\"}, \"channel\": {\"address_zipcode\": 58323, \"machine_bank_code\": \"Cathay\"}}",3696969600,atm
customer_id,41,inquire,3698437372,saving_acct,SRCYJBGGNQZBFGEDXGVH,ATM,AASPBIITPOKKIIUPYXGC,"{\"action\": {\"txn_amt\": 0.0, \"txn_fee_amt\": 0.0, \"trans_type\": \"trans_out\"}, \"object\": {\"target_bank_code\": \"Cathay\", \"target_acct_nbr\": \"XWHZMWYMQAJTGBGUCUTK\"}, \"channel\": {\"address_zipcode\": 58323, \"machine_bank_code\": \"Cathay\"}}",3696969600,atm
customer_id,15,withdraw,3698438641,saving_acct,TDKIMPELGHHIQYKYWCOJ,ATM,NNVWHSDZACDSXXURQNSL,"{\"action\": {\"txn_amt\": 1220.2500718727836, \"txn_fee_amt\": 15.0, \"trans_type\": \"trans_out\"}, \"object\": {\"target_bank_code\": \"Cathay\", \"target_acct_nbr\": \"SSEQEGSLOUUVFKRFBGVG\"}, \"channel\": {\"address_zipcode\": 221371, \"machine_bank_code\": \"Cathay\"}}",3696969600,atm
customer_id,40,withdraw,3698438641,saving_acct,TDKIMPELGHHIQYKYWCOJ,ATM,NNVWHSDZACDSXXURQNSL,"{\"action\": {\"txn_amt\": 1220.2500718727836, \"txn_fee_amt\": 15.0, \"trans_type\": \"trans_out\"}, \"object\": {\"target_bank_code\": \"Cathay\", \"target_acct_nbr\": \"SSEQEGSLOUUVFKRFBGVG\"}, \"channel\": {\"address_zipcode\": 221371, \"machine_bank_code\": \"Cathay\"}}",3696969600,atm
customer_id,5,inquire,3698439020,saving_acct,ORDATQDMDVEGALQHNHIK,ATM,ZEJCTMDJKUDDXXTNPFFB,"{\"action\": {\"txn_amt\": 0.0, \"txn_fee_amt\": 0.0, \"trans_type\": \"trans_out\"}, \"object\": {\"target_bank_code\": \"A_bank\", \"target_acct_nbr\": \"RBOMUCVMYZHCYLMKWOAA\"}, \"channel\": {\"address_zipcode\": 78681, \"machine_bank_code\": \"Cathay\"}}",3696969600,atm
customer_id,30,inquire,3698439020,saving_acct,ORDATQDMDVEGALQHNHIK,ATM,ZEJCTMDJKUDDXXTNPFFB,"{\"action\": {\"txn_amt\": 0.0, \"txn_fee_amt\": 0.0, \"trans_type\": \"trans_out\"}, \"object\": {\"target_bank_code\": \"A_bank\", \"target_acct_nbr\": \"RBOMUCVMYZHCYLMKWOAA\"}, \"channel\": {\"address_zipcode\": 78681, \"machine_bank_code\": \"Cathay\"}}",3696969600,atm
