customer_id,7,inquire,3697706072,saving_acct,JMPXPYJPGUHPGTLSVFKY,ATM,RGKFLUQLBSLDZHLNRQGX,"{\"action\": {\"txn_amt\": 0.0, \"txn_fee_amt\": 0.0, \"trans_type\": \"trans_out\"}, \"object\": {\"target_bank_code\": \"Cathay\", \"target_acct_nbr\": \"GKXTBQHXKNGMMKHUDVLW\"}, \"channel\": {\"address_zipcode\": 293223, \"machine_bank_code\": \"A_bank\"}}",3696969600,atm
customer_id,32,inquire,3697706072,saving_acct,JMPXPYJPGUHPGTLSVFKY,ATM,RGKFLUQLBSLDZHLNRQGX,"{\"action\": {\"txn_amt\": 0.0, \"txn_fee_amt\": 0.0, \"trans_type\": \"trans_out\"}, \"object\": {\"target_bank_code\": \"Cathay\", \"target_acct_nbr\": \"GKXTBQHXKNGMMKHUDVLW\"}, \"channel\": {\"address_zipcode\": 293223, \"machine_bank_code\": \"A_bank\"}}",3696969600,atm
customer_id,6,inquire,3697706706,saving_acct,XNUIRQNKVRTEQONCPRDX,ATM,KBARCVVYDABCVRLVDOKB,"{\"action\": {\"txn_amt\": 0.0, \"txn_fee_amt\": 0.0, \"trans_type\": \"trans_out\"}, \"object\": {\"target_bank_code\": \"Cathay\", \"target_acct_nbr\": \"SZWJGGQUNCBPSJWGOAXY\"}, \"channel\": {\"address_zipcode\": 385021, \"machine_bank_code\": \"Cathay\"}}",3696969600,atm
customer_id,31,inquire,3697706706,saving_acct,XNUIRQNKVRTEQONCPRDX,ATM,KBARCVVYDABCVRLVDOKB,"{\"action\": {\"txn_amt\": 0.0, \"txn_fee_amt\": 0.0, \"trans_type\": \"trans_out\"}, \"object\": {\"target_bank_code\": \"Cathay\", \"target_acct_nbr\": \"SZWJGGQUNCBPSJWGOAXY\"}, \"channel\": {\"address_zipcode\": 385021, \"machine_bank_code\": \"Cathay\"}}",3696969600,atm
customer_id,2,inquire,3697707365,saving_acct,ZQWBCUQTPFKAHWVUFMWZ,ATM,NSYKCOLJIYZJGJSLMLZG,"{\"action\": {\"txn_amt\": 0.0, \"txn_fee_amt\": 0.0, \"trans_type\": \"trans_out\"}, \"object\": {\"target_bank_code\": \"Cathay\", \"target_acct_nbr\": \"CYPPQDUXQRCFYRMBMUYL\"}, \"channel\": {\"address_zipcode\": 843643, \"machine_bank_code\": \"Cathay\"}}",3696969600,atm
customer_id,27,inquire,3697707365,saving_acct,ZQWBCUQTPFKAHWVUFMWZ,ATM,NSYKCOLJIYZJGJSLMLZG,"{\"action\": {\"txn_amt\": 0.0, \"txn_fee_amt\": 0.0, \"trans_type\": \"trans_out\"}, \"object\": {\"target_bank_code\": \"Cathay\", \"target_acct_nbr\": \"CYPPQDUXQRCFYRMBMUYL\"}, \"channel\": {\"address_zipcode\": 843643, \"machine_bank_code\": \"Cathay\"}}",3696969600,atm
customer_id,11,inquire,3697710494,saving_acct,ZJTZCQQPJZADWUYJIXNO,ATM,PCCCWVRXWRTYCXLGCKLP,"{\"action\": {\"txn_amt\": 0.0, \"txn_fee_amt\": 0.0, \"trans_type\": \"trans_out\"}, \"object\": {\"target_bank_code\": \"Cathay\", \"target_acct_nbr\": \"ITQATDORDPZZKKSNJOQG\"}, \"channel\": {\"address_zipcode\": 548341, \"machine_bank_code\": \"Cathay\"}}",3696969600,atm
customer_id,36,inquire,3697710494,saving_acct,ZJTZCQQPJZADWUYJIXNO,ATM,PCCCWVRXWRTYCXLGCKLP,"{\"action\": {\"txn_amt\": 0.0, \"txn_fee_amt\": 0.0, \"trans_type\": \"trans_out\"}, \"object\": {\"target_bank_code\": \"Cathay\", \"target_acct_nbr\": \"ITQATDORDPZZKKSNJOQG\"}, \"channel\": {\"address_zipcode\": 548341, \"machine_bank_code\": \"Cathay\"}}",3696969600,atm
