customer_id,5,inquire,3698098682,saving_acct,LVVYZQYXRXELCUIAUJYH,ATM,AUWTUOKIPDNKGJHAHWHG,"{\"action\": {\"txn_amt\": 0.0, \"txn_fee_amt\": 0.0, \"trans_type\": \"trans_out\"}, \"object\": {\"target_bank_code\": \"A_bank\", \"target_acct_nbr\": \"AARWUJVTYBRGCLIOHYDV\"}, \"channel\": {\"address_zipcode\": 561751, \"machine_bank_code\": \"C_bank\"}}",3696969600,atm
customer_id,30,inquire,3698098682,saving_acct,LVVYZQYXRXELCUIAUJYH,ATM,AUWTUOKIPDNKGJHAHWHG,"{\"action\": {\"txn_amt\": 0.0, \"txn_fee_amt\": 0.0, \"trans_type\": \"trans_out\"}, \"object\": {\"target_bank_code\": \"A_bank\", \"target_acct_nbr\": \"AARWUJVTYBRGCLIOHYDV\"}, \"channel\": {\"address_zipcode\": 561751, \"machine_bank_code\": \"C_bank\"}}",3696969600,atm
customer_id,1,inquire,3698104533,saving_acct,QSBDRHXBQCBRYBMKOUQW,ATM,TEELMNVAIONOTCYVHUWK,"{\"action\": {\"txn_amt\": 0.0, \"txn_fee_amt\": 0.0, \"trans_type\": \"trans_out\"}, \"object\": {\"target_bank_code\": \"Cathay\", \"target_acct_nbr\": \"OXVVOKDZSEDAZCXJUHLF\"}, \"channel\": {\"address_zipcode\": 801921, \"machine_bank_code\": \"Cathay\"}}",3696969600,atm
customer_id,26,inquire,3698104533,saving_acct,QSBDRHXBQCBRYBMKOUQW,ATM,TEELMNVAIONOTCYVHUWK,"{\"action\": {\"txn_amt\": 0.0, \"txn_fee_amt\": 0.0, \"trans_type\": \"trans_out\"}, \"object\": {\"target_bank_code\": \"Cathay\", \"target_acct_nbr\": \"OXVVOKDZSEDAZCXJUHLF\"}, \"channel\": {\"address_zipcode\": 801921, \"machine_bank_code\": \"Cathay\"}}",3696969600,atm
customer_id,18,withdraw,3698104796,saving_acct,YEDPRMXISVQYBHSFIMBN,ATM,VAFLYYLFFABDDNCBQAIE,"{\"action\": {\"txn_amt\": 252.59488217787103, \"txn_fee_amt\": 15.0, \"trans_type\": \"trans_out\"}, \"object\": {\"target_bank_code\": \"Cathay\", \"target_acct_nbr\": \"OVUDCMHYMTZDWUBTGMPV\"}, \"channel\": {\"address_zipcode\": 17031, \"machine_bank_code\": \"Cathay\"}}",3696969600,atm
customer_id,43,withdraw,3698104796,saving_acct,YEDPRMXISVQYBHSFIMBN,ATM,VAFLYYLFFABDDNCBQAIE,"{\"action\": {\"txn_amt\": 252.59488217787103, \"txn_fee_amt\": 15.0, \"trans_type\": \"trans_out\"}, \"object\": {\"target_bank_code\": \"Cathay\", \"target_acct_nbr\": \"OVUDCMHYMTZDWUBTGMPV\"}, \"channel\": {\"address_zipcode\": 17031, \"machine_bank_code\": \"Cathay\"}}",3696969600,atm
customer_id,9,transfer,3698109082,saving_acct,MJAGDAXUIDYXSHUEHYPQ,ATM,EXTUDQJVDGSBIMYVNVFG,"{\"action\": {\"txn_amt\": 56.65048320116873, \"txn_fee_amt\": 15.0, \"trans_type\": \"trans_in\"}, \"object\": {\"target_bank_code\": \"Cathay\", \"target_acct_nbr\": \"ZSTSYGYJHAEPVQXUYBLO\"}, \"channel\": {\"address_zipcode\": 513373, \"machine_bank_code\": \"A_bank\"}}",3696969600,atm
customer_id,34,transfer,3698109082,saving_acct,MJAGDAXUIDYXSHUEHYPQ,ATM,EXTUDQJVDGSBIMYVNVFG,"{\"action\": {\"txn_amt\": 56.65048320116873, \"txn_fee_amt\": 15.0, \"trans_type\": \"trans_in\"}, \"object\": {\"target_bank_code\": \"Cathay\", \"target_acct_nbr\": \"ZSTSYGYJHAEPVQXUYBLO\"}, \"channel\": {\"address_zipcode\": 513373, \"machine_bank_code\": \"A_bank\"}}",3696969600,atm
