customer_id,14,transfer,3698975818,saving_acct,UTQEJTUHEWHOLNZLOXCY,ATM,LYRVTYLJHJCFPXGRNWFW,"{\"action\": {\"txn_amt\": 2314.257391328746, \"txn_fee_amt\": 15.0, \"trans_type\": \"trans_in\"}, \"object\": {\"target_bank_code\": \"Cathay\", \"target_acct_nbr\": \"ZWWMAOAKGMCZITRGIWAQ\"}, \"channel\": {\"address_zipcode\": 363007, \"machine_bank_code\": \"Cathay\"}}",3696969600,atm
customer_id,39,transfer,3698975818,saving_acct,UTQEJTUHEWHOLNZLOXCY,ATM,LYRVTYLJHJCFPXGRNWFW,"{\"action\": {\"txn_amt\": 2314.257391328746, \"txn_fee_amt\": 15.0, \"trans_type\": \"trans_in\"}, \"object\": {\"target_bank_code\": \"Cathay\", \"target_acct_nbr\": \"ZWWMAOAKGMCZITRGIWAQ\"}, \"channel\": {\"address_zipcode\": 363007, \"machine_bank_code\": \"Cathay\"}}",3696969600,atm
customer_id,6,inquire,3698976357,saving_acct,FYJUKNIGGYAZEKAKURMS,ATM,BBFHGHJOAFODLAKXSNKC,"{\"action\": {\"txn_amt\": 0.0, \"txn_fee_amt\": 0.0, \"trans_type\": \"trans_out\"}, \"object\": {\"target_bank_code\": \"A_bank\", \"target_acct_nbr\": \"VPZPPWGVOCWGSSSIAVZL\"}, \"channel\": {\"address_zipcode\": 18361, \"machine_bank_code\": \"Cathay\"}}",3696969600,atm
customer_id,31,inquire,3698976357,saving_acct,FYJUKNIGGYAZEKAKURMS,ATM,BBFHGHJOAFODLAKXSNKC,"{\"action\": {\"txn_amt\": 0.0, \"txn_fee_amt\": 0.0, \"trans_type\": \"trans_out\"}, \"object\": {\"target_bank_code\": \"A_bank\", \"target_acct_nbr\": \"VPZPPWGVOCWGSSSIAVZL\"}, \"channel\": {\"address_zipcode\": 18361, \"machine_bank_code\": \"Cathay\"}}",3696969600,atm
customer_id,7,withdraw,3698978059,saving_acct,ILCQFJQKEWJUOVYHDZRC,ATM,OVNGYLJTPUVZXPVQKTPV,"{\"action\": {\"txn_amt\": 1833.5707948244058, \"txn_fee_amt\": 15.0, \"trans_type\": \"trans_out\"}, \"object\": {\"target_bank_code\": \"Cathay\", \"target_acct_nbr\": \"JMMNVQPCKWWTHXUUJACG\"}, \"channel\": {\"address_zipcode\": 206571, \"machine_bank_code\": \"A_bank\"}}",3696969600,atm
customer_id,32,withdraw,3698978059,saving_acct,ILCQFJQKEWJUOVYHDZRC,ATM,OVNGYLJTPUVZXPVQKTPV,"{\"action\": {\"txn_amt\": 1833.5707948244058, \"txn_fee_amt\": 15.0, \"trans_type\": \"trans_out\"}, \"object\": {\"target_bank_code\": \"Cathay\", \"target_acct_nbr\": \"JMMNVQPCKWWTHXUUJACG\"}, \"channel\": {\"address_zipcode\": 206571, \"machine_bank_code\": \"A_bank\"}}",3696969600,atm
customer_id,5,transfer,3698978402,saving_acct,KDWAGELZZGKHIIEATYRF,ATM,NHPIKJQQFZCLYTBSTRKH,"{\"action\": {\"txn_amt\": 1587.2135008525086, \"txn_fee_amt\": 15.0, \"trans_type\": \"trans_in\"}, \"object\": {\"target_bank_code\": \"Cathay\", \"target_acct_nbr\": \"VZOKJCCULRAGUQDASXLC\"}, \"channel\": {\"address_zipcode\": 928333, \"machine_bank_code\": \"Cathay\"}}",3696969600,atm
customer_id,30,transfer,3698978402,saving_acct,KDWAGELZZGKHIIEATYRF,ATM,NHPIKJQQFZCLYTBSTRKH,"{\"action\": {\"txn_amt\": 1587.2135008525086, \"txn_fee_amt\": 15.0, \"trans_type\": \"trans_in\"}, \"object\": {\"target_bank_code\": \"Cathay\", \"target_acct_nbr\": \"VZOKJCCULRAGUQDASXLC\"}, \"channel\": {\"address_zipcode\": 928333, \"machine_bank_code\": \"Cathay\"}}",3696969600,atm
