customer_id,24,withdraw,3699119783,saving_acct,BLRURUPTWEJQKSOGGQTK,ATM,CTESKLJPXOVARQWGAWNY,"{\"action\": {\"txn_amt\": 3409.2725444427006, \"txn_fee_amt\": 15.0, \"trans_type\": \"trans_out\"}, \"object\": {\"target_bank_code\": \"Cathay\", \"target_acct_nbr\": \"GAKFIHTQLYZTBDZKPJCW\"}, \"channel\": {\"address_zipcode\": 740461, \"machine_bank_code\": \"Cathay\"}}",3696969600,atm
customer_id,49,withdraw,3699119783,saving_acct,BLRURUPTWEJQKSOGGQTK,ATM,CTESKLJPXOVARQWGAWNY,"{\"action\": {\"txn_amt\": 3409.2725444427006, \"txn_fee_amt\": 15.0, \"trans_type\": \"trans_out\"}, \"object\": {\"target_bank_code\": \"Cathay\", \"target_acct_nbr\": \"GAKFIHTQLYZTBDZKPJCW\"}, \"channel\": {\"address_zipcode\": 740461, \"machine_bank_code\": \"Cathay\"}}",3696969600,atm
customer_id,18,inquire,3699121589,saving_acct,FOMQNFRLYPJTVIIWXWWC,ATM,ZFESQLJVOFGCBRXUKDQH,"{\"action\": {\"txn_amt\": 0.0, \"txn_fee_amt\": 0.0, \"trans_type\": \"trans_out\"}, \"object\": {\"target_bank_code\": \"C_bank\", \"target_acct_nbr\": \"YNHPHTMULAGOATDXUXMR\"}, \"channel\": {\"address_zipcode\": 203853, \"machine_bank_code\": \"Cathay\"}}",3696969600,atm
customer_id,43,inquire,3699121589,saving_acct,FOMQNFRLYPJTVIIWXWWC,ATM,ZFESQLJVOFGCBRXUKDQH,"{\"action\": {\"txn_amt\": 0.0, \"txn_fee_amt\": 0.0, \"trans_type\": \"trans_out\"}, \"object\": {\"target_bank_code\": \"C_bank\", \"target_acct_nbr\": \"YNHPHTMULAGOATDXUXMR\"}, \"channel\": {\"address_zipcode\": 203853, \"machine_bank_code\": \"Cathay\"}}",3696969600,atm
customer_id,20,withdraw,3699121600,saving_acct,LOVGNWHUANAVAKHUMXGP,ATM,IXDJTLYEQWQJBRYVXTUP,"{\"action\": {\"txn_amt\": 44.43877230870845, \"txn_fee_amt\": 15.0, \"trans_type\": \"trans_out\"}, \"object\": {\"target_bank_code\": \"B_bank\", \"target_acct_nbr\": \"CHJCSXTCMAHNLWJZYRDN\"}, \"channel\": {\"address_zipcode\": 144021, \"machine_bank_code\": \"B_bank\"}}",3696969600,atm
customer_id,45,withdraw,3699121600,saving_acct,LOVGNWHUANAVAKHUMXGP,ATM,IXDJTLYEQWQJBRYVXTUP,"{\"action\": {\"txn_amt\": 44.43877230870845, \"txn_fee_amt\": 15.0, \"trans_type\": \"trans_out\"}, \"object\": {\"target_bank_code\": \"B_bank\", \"target_acct_nbr\": \"CHJCSXTCMAHNLWJZYRDN\"}, \"channel\": {\"address_zipcode\": 144021, \"machine_bank_code\": \"B_bank\"}}",3696969600,atm
customer_id,6,inquire,3699126398,saving_acct,USAKSSXPDREQSDZAVATS,ATM,JKYBZPCLTDQXFTNPRPSQ,"{\"action\": {\"txn_amt\": 0.0, \"txn_fee_amt\": 0.0, \"trans_type\": \"trans_out\"}, \"object\": {\"target_bank_code\": \"A_bank\", \"target_acct_nbr\": \"QJMCDSVNFXICNNRUPPWT\"}, \"channel\": {\"address_zipcode\": 325471, \"machine_bank_code\": \"Cathay\"}}",3696969600,atm
customer_id,31,inquire,3699126398,saving_acct,USAKSSXPDREQSDZAVATS,ATM,JKYBZPCLTDQXFTNPRPSQ,"{\"action\": {\"txn_amt\": 0.0, \"txn_fee_amt\": 0.0, \"trans_type\": \"trans_out\"}, \"object\": {\"target_bank_code\": \"A_bank\", \"target_acct_nbr\": \"QJMCDSVNFXICNNRUPPWT\"}, \"channel\": {\"address_zipcode\": 325471, \"machine_bank_code\": \"Cathay\"}}",3696969600,atm
