customer_id,4,withdraw,3697470854,saving_acct,CZUMWBESKVWVHCVMUPJH,ATM,BOJKEQWLAJPVLICSSSWZ,"{\"action\": {\"txn_amt\": 2390.4420008935695, \"txn_fee_amt\": 15.0, \"trans_type\": \"trans_out\"}, \"object\": {\"target_bank_code\": \"Cathay\", \"target_acct_nbr\": \"VLARZSMZLMVVXCAMQKWA\"}, \"channel\": {\"address_zipcode\": 735307, \"machine_bank_code\": \"Cathay\"}}",3696969600,atm
customer_id,29,withdraw,3697470854,saving_acct,CZUMWBESKVWVHCVMUPJH,ATM,BOJKEQWLAJPVLICSSSWZ,"{\"action\": {\"txn_amt\": 2390.4420008935695, \"txn_fee_amt\": 15.0, \"trans_type\": \"trans_out\"}, \"object\": {\"target_bank_code\": \"Cathay\", \"target_acct_nbr\": \"VLARZSMZLMVVXCAMQKWA\"}, \"channel\": {\"address_zipcode\": 735307, \"machine_bank_code\": \"Cathay\"}}",3696969600,atm
customer_id,6,withdraw,3697471926,saving_acct,OBGMZUSAEQICWAMOSCJG,ATM,LNQPSVASHZVYISWPMXKV,"{\"action\": {\"txn_amt\": 106.16953217364646, \"txn_fee_amt\": 15.0, \"trans_type\": \"trans_out\"}, \"object\": {\"target_bank_code\": \"Cathay\", \"target_acct_nbr\": \"XLCZWWPKTXTIEJXESKKY\"}, \"channel\": {\"address_zipcode\": 255531, \"machine_bank_code\": \"C_bank\"}}",3696969600,atm
customer_id,31,withdraw,3697471926,saving_acct,OBGMZUSAEQICWAMOSCJG,ATM,LNQPSVASHZVYISWPMXKV,"{\"action\": {\"txn_amt\": 106.16953217364646, \"txn_fee_amt\": 15.0, \"trans_type\": \"trans_out\"}, \"object\": {\"target_bank_code\": \"Cathay\", \"target_acct_nbr\": \"XLCZWWPKTXTIEJXESKKY\"}, \"channel\": {\"address_zipcode\": 255531, \"machine_bank_code\": \"C_bank\"}}",3696969600,atm
customer_id,25,inquire,3697474989,saving_acct,SMXZPVJSRDEPFGBISZPW,ATM,NZBJKLLSWMSOCIGTXQWL,"{\"action\": {\"txn_amt\": 0.0, \"txn_fee_amt\": 0.0, \"trans_type\": \"trans_out\"}, \"object\": {\"target_bank_code\": \"Cathay\", \"target_acct_nbr\": \"CTWRNOREYBTHZMAUNIXF\"}, \"channel\": {\"address_zipcode\": 991021, \"machine_bank_code\": \"C_bank\"}}",3696969600,atm
customer_id,50,inquire,3697474989,saving_acct,SMXZPVJSRDEPFGBISZPW,ATM,NZBJKLLSWMSOCIGTXQWL,"{\"action\": {\"txn_amt\": 0.0, \"txn_fee_amt\": 0.0, \"trans_type\": \"trans_out\"}, \"object\": {\"target_bank_code\": \"Cathay\", \"target_acct_nbr\": \"CTWRNOREYBTHZMAUNIXF\"}, \"channel\": {\"address_zipcode\": 991021, \"machine_bank_code\": \"C_bank\"}}",3696969600,atm
customer_id,19,transfer,3697479533,saving_acct,PQBMURZRTXYTBQHBPLKO,ATM,TPKVVPWVSXAVNKHGVUUY,"{\"action\": {\"txn_amt\": 1649.3988274974984, \"txn_fee_amt\": 15.0, \"trans_type\": \"trans_in\"}, \"object\": {\"target_bank_code\": \"C_bank\", \"target_acct_nbr\": \"UEWBJCUFOGDOTXNBPSVL\"}, \"channel\": {\"address_zipcode\": 59781, \"machine_bank_code\": \"Cathay\"}}",3696969600,atm
customer_id,44,transfer,3697479533,saving_acct,PQBMURZRTXYTBQHBPLKO,ATM,TPKVVPWVSXAVNKHGVUUY,"{\"action\": {\"txn_amt\": 1649.3988274974984, \"txn_fee_amt\": 15.0, \"trans_type\": \"trans_in\"}, \"object\": {\"target_bank_code\": \"C_bank\", \"target_acct_nbr\": \"UEWBJCUFOGDOTXNBPSVL\"}, \"channel\": {\"address_zipcode\": 59781, \"machine_bank_code\": \"Cathay\"}}",3696969600,atm
