customer_id,15,withdraw,3697074341,saving_acct,IQZEKVRNYQDOAYKQPTTQ,ATM,NWFFGNHQJYDPITARWULA,"{\"action\": {\"txn_amt\": 268.6440967378702, \"txn_fee_amt\": 15.0, \"trans_type\": \"trans_out\"}, \"object\": {\"target_bank_code\": \"B_bank\", \"target_acct_nbr\": \"LEAHRIZMRUTNJTFAHLVA\"}, \"channel\": {\"address_zipcode\": 598303, \"machine_bank_code\": \"Cathay\"}}",3696969600,atm
customer_id,40,withdraw,3697074341,saving_acct,IQZEKVRNYQDOAYKQPTTQ,ATM,NWFFGNHQJYDPITARWULA,"{\"action\": {\"txn_amt\": 268.6440967378702, \"txn_fee_amt\": 15.0, \"trans_type\": \"trans_out\"}, \"object\": {\"target_bank_code\": \"B_bank\", \"target_acct_nbr\": \"LEAHRIZMRUTNJTFAHLVA\"}, \"channel\": {\"address_zipcode\": 598303, \"machine_bank_code\": \"Cathay\"}}",3696969600,atm
customer_id,4,inquire,3697074552,saving_acct,UEMZTSXKXBAIOASIDCTC,ATM,OEOTWTHLVOMGBREUUXXX,"{\"action\": {\"txn_amt\": 0.0, \"txn_fee_amt\": 0.0, \"trans_type\": \"trans_out\"}, \"object\": {\"target_bank_code\": \"Cathay\", \"target_acct_nbr\": \"FAWBGOEQEFJHDIZKZZGN\"}, \"channel\": {\"address_zipcode\": 91507, \"machine_bank_code\": \"Cathay\"}}",3696969600,atm
customer_id,29,inquire,3697074552,saving_acct,UEMZTSXKXBAIOASIDCTC,ATM,OEOTWTHLVOMGBREUUXXX,"{\"action\": {\"txn_amt\": 0.0, \"txn_fee_amt\": 0.0, \"trans_type\": \"trans_out\"}, \"object\": {\"target_bank_code\": \"Cathay\", \"target_acct_nbr\": \"FAWBGOEQEFJHDIZKZZGN\"}, \"channel\": {\"address_zipcode\": 91507, \"machine_bank_code\": \"Cathay\"}}",3696969600,atm
customer_id,15,inquire,3697075110,saving_acct,ONQCMBAOMQOKWWZPIGEF,ATM,LKBUTYAXZFLGZVTWQCPB,"{\"action\": {\"txn_amt\": 0.0, \"txn_fee_amt\": 0.0, \"trans_type\": \"trans_out\"}, \"object\": {\"target_bank_code\": \"Cathay\", \"target_acct_nbr\": \"XLKBDEKUHZEIXTTHGOGD\"}, \"channel\": {\"address_zipcode\": 115261, \"machine_bank_code\": \"Cathay\"}}",3696969600,atm
customer_id,40,inquire,3697075110,saving_acct,ONQCMBAOMQOKWWZPIGEF,ATM,LKBUTYAXZFLGZVTWQCPB,"{\"action\": {\"txn_amt\": 0.0, \"txn_fee_amt\": 0.0, \"trans_type\": \"trans_out\"}, \"object\": {\"target_bank_code\": \"Cathay\", \"target_acct_nbr\": \"XLKBDEKUHZEIXTTHGOGD\"}, \"channel\": {\"address_zipcode\": 115261, \"machine_bank_code\": \"Cathay\"}}",3696969600,atm
customer_id,24,inquire,3697075338,saving_acct,XIJPDGLCZLVYKNBFOZQC,ATM,TMZGULZDZYRSFGUGYDNL,"{\"action\": {\"txn_amt\": 0.0, \"txn_fee_amt\": 0.0, \"trans_type\": \"trans_out\"}, \"object\": {\"target_bank_code\": \"Cathay\", \"target_acct_nbr\": \"WAJLDGISCZMFCXCTMXWS\"}, \"channel\": {\"address_zipcode\": 777043, \"machine_bank_code\": \"Cathay\"}}",3696969600,atm
customer_id,49,inquire,3697075338,saving_acct,XIJPDGLCZLVYKNBFOZQC,ATM,TMZGULZDZYRSFGUGYDNL,"{\"action\": {\"txn_amt\": 0.0, \"txn_fee_amt\": 0.0, \"trans_type\": \"trans_out\"}, \"object\": {\"target_bank_code\": \"Cathay\", \"target_acct_nbr\": \"WAJLDGISCZMFCXCTMXWS\"}, \"channel\": {\"address_zipcode\": 777043, \"machine_bank_code\": \"Cathay\"}}",3696969600,atm
