customer_id,24,transfer,3698226011,saving_acct,VSEXHMHDEWGMQFBZKVDT,ATM,QJPMVJKLTYBRAYVWXLAU,"{\"action\": {\"txn_amt\": 903.3478105146903, \"txn_fee_amt\": 15.0, \"trans_type\": \"trans_in\"}, \"object\": {\"target_bank_code\": \"Cathay\", \"target_acct_nbr\": \"NSDZIHQXBXCTDWIPGCMA\"}, \"channel\": {\"address_zipcode\": 300853, \"machine_bank_code\": \"B_bank\"}}",3696969600,atm
customer_id,49,transfer,3698226011,saving_acct,VSEXHMHDEWGMQFBZKVDT,ATM,QJPMVJKLTYBRAYVWXLAU,"{\"action\": {\"txn_amt\": 903.3478105146903, \"txn_fee_amt\": 15.0, \"trans_type\": \"trans_in\"}, \"object\": {\"target_bank_code\": \"Cathay\", \"target_acct_nbr\": \"NSDZIHQXBXCTDWIPGCMA\"}, \"channel\": {\"address_zipcode\": 300853, \"machine_bank_code\": \"B_bank\"}}",3696969600,atm
customer_id,19,transfer,3698229646,saving_acct,UMQRNGNNBDKMAFLGTUTJ,ATM,PDTBVJELMWWSHFXPJIGE,"{\"action\": {\"txn_amt\": 675.4305326267526, \"txn_fee_amt\": 15.0, \"trans_type\": \"trans_in\"}, \"object\": {\"target_bank_code\": \"Cathay\", \"target_acct_nbr\": \"CCCCQDUDVMPDGGJVFOCH\"}, \"channel\": {\"address_zipcode\": 854701, \"machine_bank_code\": \"Cathay\"}}",3696969600,atm
customer_id,44,transfer,3698229646,saving_acct,UMQRNGNNBDKMAFLGTUTJ,ATM,PDTBVJELMWWSHFXPJIGE,"{\"action\": {\"txn_amt\": 675.4305326267526, \"txn_fee_amt\": 15.0, \"trans_type\": \"trans_in\"}, \"object\": {\"target_bank_code\": \"Cathay\", \"target_acct_nbr\": \"CCCCQDUDVMPDGGJVFOCH\"}, \"channel\": {\"address_zipcode\": 854701, \"machine_bank_code\": \"Cathay\"}}",3696969600,atm
customer_id,20,transfer,3698230226,saving_acct,RLUSLIBYXOFHRDWMIPYB,ATM,VUSVYKFVNGAMMMOCHWEV,"{\"action\": {\"txn_amt\": 1198.217770831158, \"txn_fee_amt\": 15.0, \"trans_type\": \"trans_in\"}, \"object\": {\"target_bank_code\": \"Cathay\", \"target_acct_nbr\": \"RRKVKZMHFWSCZOQAGVRE\"}, \"channel\": {\"address_zipcode\": 56407, \"machine_bank_code\": \"C_bank\"}}",3696969600,atm
customer_id,45,transfer,3698230226,saving_acct,RLUSLIBYXOFHRDWMIPYB,ATM,VUSVYKFVNGAMMMOCHWEV,"{\"action\": {\"txn_amt\": 1198.217770831158, \"txn_fee_amt\": 15.0, \"trans_type\": \"trans_in\"}, \"object\": {\"target_bank_code\": \"Cathay\", \"target_acct_nbr\": \"RRKVKZMHFWSCZOQAGVRE\"}, \"channel\": {\"address_zipcode\": 56407, \"machine_bank_code\": \"C_bank\"}}",3696969600,atm
customer_id,7,transfer,3698230881,saving_acct,XFOFFFVCODXSHDQMBEAA,ATM,EISRHZTUINADTYXNSZVY,"{\"action\": {\"txn_amt\": 1182.21158349799, \"txn_fee_amt\": 15.0, \"trans_type\": \"trans_in\"}, \"object\": {\"target_bank_code\": \"A_bank\", \"target_acct_nbr\": \"WPIIFRDKQIBEKOIVPFRY\"}, \"channel\": {\"address_zipcode\": 40201, \"machine_bank_code\": \"A_bank\"}}",3696969600,atm
customer_id,32,transfer,3698230881,saving_acct,XFOFFFVCODXSHDQMBEAA,ATM,EISRHZTUINADTYXNSZVY,"{\"action\": {\"txn_amt\": 1182.21158349799, \"txn_fee_amt\": 15.0, \"trans_type\": \"trans_in\"}, \"object\": {\"target_bank_code\": \"A_bank\", \"target_acct_nbr\": \"WPIIFRDKQIBEKOIVPFRY\"}, \"channel\": {\"address_zipcode\": 40201, \"machine_bank_code\": \"A_bank\"}}",3696969600,atm
