customer_id,7,transfer,3697968156,saving_acct,SNRKQTERYLDCQLUWHLJX,ATM,PQVWKQAPUKKQVTTBTNXR,"{\"action\": {\"txn_amt\": 539.1030822369501, \"txn_fee_amt\": 15.0, \"trans_type\": \"trans_in\"}, \"object\": {\"target_bank_code\": \"Cathay\", \"target_acct_nbr\": \"VTNRZRYUFTKCKLORBGYC\"}, \"channel\": {\"address_zipcode\": 307471, \"machine_bank_code\": \"Cathay\"}}",3696969600,atm
customer_id,32,transfer,3697968156,saving_acct,SNRKQTERYLDCQLUWHLJX,ATM,PQVWKQAPUKKQVTTBTNXR,"{\"action\": {\"txn_amt\": 539.1030822369501, \"txn_fee_amt\": 15.0, \"trans_type\": \"trans_in\"}, \"object\": {\"target_bank_code\": \"Cathay\", \"target_acct_nbr\": \"VTNRZRYUFTKCKLORBGYC\"}, \"channel\": {\"address_zipcode\": 307471, \"machine_bank_code\": \"Cathay\"}}",3696969600,atm
customer_id,7,transfer,3697969258,saving_acct,WRNVHNNGQJTZAPDUEJZB,ATM,FPRRAUDZNUYOPTSQBRBD,"{\"action\": {\"txn_amt\": 1196.470760028694, \"txn_fee_amt\": 15.0, \"trans_type\": \"trans_in\"}, \"object\": {\"target_bank_code\": \"Cathay\", \"target_acct_nbr\": \"XBWWEQNJZUMAIDAXLWWM\"}, \"channel\": {\"address_zipcode\": 669943, \"machine_bank_code\": \"C_bank\"}}",3696969600,atm
customer_id,32,transfer,3697969258,saving_acct,WRNVHNNGQJTZAPDUEJZB,ATM,FPRRAUDZNUYOPTSQBRBD,"{\"action\": {\"txn_amt\": 1196.470760028694, \"txn_fee_amt\": 15.0, \"trans_type\": \"trans_in\"}, \"object\": {\"target_bank_code\": \"Cathay\", \"target_acct_nbr\": \"XBWWEQNJZUMAIDAXLWWM\"}, \"channel\": {\"address_zipcode\": 669943, \"machine_bank_code\": \"C_bank\"}}",3696969600,atm
customer_id,1,transfer,3697970913,saving_acct,XXCOWKORAVGNTTYVNKRA,ATM,ZSVLQTMHBYLEQFGUWSGY,"{\"action\": {\"txn_amt\": 78.33859332672111, \"txn_fee_amt\": 15.0, \"trans_type\": \"trans_in\"}, \"object\": {\"target_bank_code\": \"Cathay\", \"target_acct_nbr\": \"IXVSIIKYHIBWVYBHSIYZ\"}, \"channel\": {\"address_zipcode\": 30103, \"machine_bank_code\": \"Cathay\"}}",3696969600,atm
customer_id,26,transfer,3697970913,saving_acct,XXCOWKORAVGNTTYVNKRA,ATM,ZSVLQTMHBYLEQFGUWSGY,"{\"action\": {\"txn_amt\": 78.33859332672111, \"txn_fee_amt\": 15.0, \"trans_type\": \"trans_in\"}, \"object\": {\"target_bank_code\": \"Cathay\", \"target_acct_nbr\": \"IXVSIIKYHIBWVYBHSIYZ\"}, \"channel\": {\"address_zipcode\": 30103, \"machine_bank_code\": \"Cathay\"}}",3696969600,atm
customer_id,6,inquire,3697971468,saving_acct,YGDWKGYZXVGSKSUCUMPX,ATM,MUHPTLVHZQMPAGAPSMAX,"{\"action\": {\"txn_amt\": 0.0, \"txn_fee_amt\": 0.0, \"trans_type\": \"trans_out\"}, \"object\": {\"target_bank_code\": \"Cathay\", \"target_acct_nbr\": \"BFZOJLNXULZSKLCXNGTC\"}, \"channel\": {\"address_zipcode\": 122151, \"machine_bank_code\": \"Cathay\"}}",3696969600,atm
customer_id,31,inquire,3697971468,saving_acct,YGDWKGYZXVGSKSUCUMPX,ATM,MUHPTLVHZQMPAGAPSMAX,"{\"action\": {\"txn_amt\": 0.0, \"txn_fee_amt\": 0.0, \"trans_type\": \"trans_out\"}, \"object\": {\"target_bank_code\": \"Cathay\", \"target_acct_nbr\": \"BFZOJLNXULZSKLCXNGTC\"}, \"channel\": {\"address_zipcode\": 122151, \"machine_bank_code\": \"Cathay\"}}",3696969600,atm
