customer_id,20,transfer,3698830997,saving_acct,JDBQYZJHTAARFXIEYDYN,ATM,ISDGHVUXNADYNGFUEPKM,"{\"action\": {\"txn_amt\": 416.797851427172, \"txn_fee_amt\": 15.0, \"trans_type\": \"trans_in\"}, \"object\": {\"target_bank_code\": \"Cathay\", \"target_acct_nbr\": \"TGOLZHUVIUPNMREPNDGR\"}, \"channel\": {\"address_zipcode\": 483721, \"machine_bank_code\": \"A_bank\"}}",3696969600,atm
customer_id,45,transfer,3698830997,saving_acct,JDBQYZJHTAARFXIEYDYN,ATM,ISDGHVUXNADYNGFUEPKM,"{\"action\": {\"txn_amt\": 416.797851427172, \"txn_fee_amt\": 15.0, \"trans_type\": \"trans_in\"}, \"object\": {\"target_bank_code\": \"Cathay\", \"target_acct_nbr\": \"TGOLZHUVIUPNMREPNDGR\"}, \"channel\": {\"address_zipcode\": 483721, \"machine_bank_code\": \"A_bank\"}}",3696969600,atm
customer_id,2,transfer,3698833972,saving_acct,CREQHMAQHYEOXLUUXWBP,ATM,BRBHDWOHNKACXTNQGNUX,"{\"action\": {\"txn_amt\": 194.29790864176374, \"txn_fee_amt\": 15.0, \"trans_type\": \"trans_in\"}, \"object\": {\"target_bank_code\": \"Cathay\", \"target_acct_nbr\": \"MWNHRNHEAEHCNXUXZGJA\"}, \"channel\": {\"address_zipcode\": 25761, \"machine_bank_code\": \"Cathay\"}}",3696969600,atm
customer_id,27,transfer,3698833972,saving_acct,CREQHMAQHYEOXLUUXWBP,ATM,BRBHDWOHNKACXTNQGNUX,"{\"action\": {\"txn_amt\": 194.29790864176374, \"txn_fee_amt\": 15.0, \"trans_type\": \"trans_in\"}, \"object\": {\"target_bank_code\": \"Cathay\", \"target_acct_nbr\": \"MWNHRNHEAEHCNXUXZGJA\"}, \"channel\": {\"address_zipcode\": 25761, \"machine_bank_code\": \"Cathay\"}}",3696969600,atm
customer_id,18,transfer,3698834596,saving_acct,MPLRMXGRRMHMGHPQTESD,ATM,HJCJJLDXGUNYZOHEFIKE,"{\"action\": {\"txn_amt\": 648.9032115521449, \"txn_fee_amt\": 15.0, \"trans_type\": \"trans_in\"}, \"object\": {\"target_bank_code\": \"Cathay\", \"target_acct_nbr\": \"BUWTPHVDXKHXCFGYAJTL\"}, \"channel\": {\"address_zipcode\": 48621, \"machine_bank_code\": \"Cathay\"}}",3696969600,atm
customer_id,43,transfer,3698834596,saving_acct,MPLRMXGRRMHMGHPQTESD,ATM,HJCJJLDXGUNYZOHEFIKE,"{\"action\": {\"txn_amt\": 648.9032115521449, \"txn_fee_amt\": 15.0, \"trans_type\": \"trans_in\"}, \"object\": {\"target_bank_code\": \"Cathay\", \"target_acct_nbr\": \"BUWTPHVDXKHXCFGYAJTL\"}, \"channel\": {\"address_zipcode\": 48621, \"machine_bank_code\": \"Cathay\"}}",3696969600,atm
customer_id,25,transfer,3698840672,saving_acct,EDRNNYYULODQXGQWBBDP,ATM,ZJBMBHZVVEFCDXNONEZM,"{\"action\": {\"txn_amt\": 16.13576850726723, \"txn_fee_amt\": 15.0, \"trans_type\": \"trans_in\"}, \"object\": {\"target_bank_code\": \"Cathay\", \"target_acct_nbr\": \"HMKZWPZXFEUKTXDKZUYL\"}, \"channel\": {\"address_zipcode\": 96411, \"machine_bank_code\": \"C_bank\"}}",3696969600,atm
customer_id,50,transfer,3698840672,saving_acct,EDRNNYYULODQXGQWBBDP,ATM,ZJBMBHZVVEFCDXNONEZM,"{\"action\": {\"txn_amt\": 16.13576850726723, \"txn_fee_amt\": 15.0, \"trans_type\": \"trans_in\"}, \"object\": {\"target_bank_code\": \"Cathay\", \"target_acct_nbr\": \"HMKZWPZXFEUKTXDKZUYL\"}, \"channel\": {\"address_zipcode\": 96411, \"machine_bank_code\": \"C_bank\"}}",3696969600,atm
