customer_id,3,withdraw,3698568087,saving_acct,MVMVIORBGOSFTSTUCFVU,ATM,EEERIJQKLCBIVCVYUTJU,"{\"action\": {\"txn_amt\": 3333.6847691647613, \"txn_fee_amt\": 15.0, \"trans_type\": \"trans_out\"}, \"object\": {\"target_bank_code\": \"Cathay\", \"target_acct_nbr\": \"MRFJCYXTVXBGNAWFQSER\"}, \"channel\": {\"address_zipcode\": 351057, \"machine_bank_code\": \"Cathay\"}}",3696969600,atm
customer_id,28,withdraw,3698568087,saving_acct,MVMVIORBGOSFTSTUCFVU,ATM,EEERIJQKLCBIVCVYUTJU,"{\"action\": {\"txn_amt\": 3333.6847691647613, \"txn_fee_amt\": 15.0, \"trans_type\": \"trans_out\"}, \"object\": {\"target_bank_code\": \"Cathay\", \"target_acct_nbr\": \"MRFJCYXTVXBGNAWFQSER\"}, \"channel\": {\"address_zipcode\": 351057, \"machine_bank_code\": \"Cathay\"}}",3696969600,atm
customer_id,7,inquire,3698573028,saving_acct,MVEJOJOIKOQPUXGECITA,ATM,TZGXCNPBCBNMLIMHERTJ,"{\"action\": {\"txn_amt\": 0.0, \"txn_fee_amt\": 0.0, \"trans_type\": \"trans_out\"}, \"object\": {\"target_bank_code\": \"Cathay\", \"target_acct_nbr\": \"RLFNYRWKZUYYIIKYHOWJ\"}, \"channel\": {\"address_zipcode\": 86143, \"machine_bank_code\": \"C_bank\"}}",3696969600,atm
customer_id,32,inquire,3698573028,saving_acct,MVEJOJOIKOQPUXGECITA,ATM,TZGXCNPBCBNMLIMHERTJ,"{\"action\": {\"txn_amt\": 0.0, \"txn_fee_amt\": 0.0, \"trans_type\": \"trans_out\"}, \"object\": {\"target_bank_code\": \"Cathay\", \"target_acct_nbr\": \"RLFNYRWKZUYYIIKYHOWJ\"}, \"channel\": {\"address_zipcode\": 86143, \"machine_bank_code\": \"C_bank\"}}",3696969600,atm
customer_id,7,inquire,3698574944,saving_acct,UWSRNDTFMPZUWQJRHQET,ATM,JXKIBEFHLZVIMSBQEGMM,"{\"action\": {\"txn_amt\": 0.0, \"txn_fee_amt\": 0.0, \"trans_type\": \"trans_out\"}, \"object\": {\"target_bank_code\": \"C_bank\", \"target_acct_nbr\": \"EAGLGVJSMTBIAAURTMMT\"}, \"channel\": {\"address_zipcode\": 650443, \"machine_bank_code\": \"Cathay\"}}",3696969600,atm
customer_id,32,inquire,3698574944,saving_acct,UWSRNDTFMPZUWQJRHQET,ATM,JXKIBEFHLZVIMSBQEGMM,"{\"action\": {\"txn_amt\": 0.0, \"txn_fee_amt\": 0.0, \"trans_type\": \"trans_out\"}, \"object\": {\"target_bank_code\": \"C_bank\", \"target_acct_nbr\": \"EAGLGVJSMTBIAAURTMMT\"}, \"channel\": {\"address_zipcode\": 650443, \"machine_bank_code\": \"Cathay\"}}",3696969600,atm
customer_id,12,transfer,3698577670,saving_acct,AAAQSEKXYSFZZTRVGJEC,ATM,RRCZFHBLZYEXCGSINGZG,"{\"action\": {\"txn_amt\": 774.2954665305941, \"txn_fee_amt\": 15.0, \"trans_type\": \"trans_in\"}, \"object\": {\"target_bank_code\": \"Cathay\", \"target_acct_nbr\": \"HGVBZLUYFTKMUMBPIZOQ\"}, \"channel\": {\"address_zipcode\": 35533, \"machine_bank_code\": \"Cathay\"}}",3696969600,atm
customer_id,37,transfer,3698577670,saving_acct,AAAQSEKXYSFZZTRVGJEC,ATM,RRCZFHBLZYEXCGSINGZG,"{\"action\": {\"txn_amt\": 774.2954665305941, \"txn_fee_amt\": 15.0, \"trans_type\": \"trans_in\"}, \"object\": {\"target_bank_code\": \"Cathay\", \"target_acct_nbr\": \"HGVBZLUYFTKMUMBPIZOQ\"}, \"channel\": {\"address_zipcode\": 35533, \"machine_bank_code\": \"Cathay\"}}",3696969600,atm
