customer_id,20,withdraw,3698317755,saving_acct,VCSGZVOUKZQYJUAAFMKX,ATM,MUKKJQKFYXEDJIVJRDLV,"{\"action\": {\"txn_amt\": 68.21927467691407, \"txn_fee_amt\": 15.0, \"trans_type\": \"trans_out\"}, \"object\": {\"target_bank_code\": \"Cathay\", \"target_acct_nbr\": \"PIDIICKARHBKYTIVYNLC\"}, \"channel\": {\"address_zipcode\": 798343, \"machine_bank_code\": \"Cathay\"}}",3696969600,atm
customer_id,45,withdraw,3698317755,saving_acct,VCSGZVOUKZQYJUAAFMKX,ATM,MUKKJQKFYXEDJIVJRDLV,"{\"action\": {\"txn_amt\": 68.21927467691407, \"txn_fee_amt\": 15.0, \"trans_type\": \"trans_out\"}, \"object\": {\"target_bank_code\": \"Cathay\", \"target_acct_nbr\": \"PIDIICKARHBKYTIVYNLC\"}, \"channel\": {\"address_zipcode\": 798343, \"machine_bank_code\": \"Cathay\"}}",3696969600,atm
customer_id,24,withdraw,3698320898,saving_acct,EBMPPWCBORYUFYLNMGMC,ATM,KCYRJRUEYJTQEIHEGGXU,"{\"action\": {\"txn_amt\": 312.87115708147377, \"txn_fee_amt\": 15.0, \"trans_type\": \"trans_out\"}, \"object\": {\"target_bank_code\": \"A_bank\", \"target_acct_nbr\": \"RYVXIDCZACWIQDSDKAKL\"}, \"channel\": {\"address_zipcode\": 39403, \"machine_bank_code\": \"Cathay\"}}",3696969600,atm
customer_id,49,withdraw,3698320898,saving_acct,EBMPPWCBORYUFYLNMGMC,ATM,KCYRJRUEYJTQEIHEGGXU,"{\"action\": {\"txn_amt\": 312.87115708147377, \"txn_fee_amt\": 15.0, \"trans_type\": \"trans_out\"}, \"object\": {\"target_bank_code\": \"A_bank\", \"target_acct_nbr\": \"RYVXIDCZACWIQDSDKAKL\"}, \"channel\": {\"address_zipcode\": 39403, \"machine_bank_code\": \"Cathay\"}}",3696969600,atm
customer_id,11,transfer,3698321526,saving_acct,TDJPPDRYAJSUNXIMSCDN,ATM,LYMHORHUEZUJEINNYHDB,"{\"action\": {\"txn_amt\": 1082.9672436487317, \"txn_fee_amt\": 15.0, \"trans_type\": \"trans_in\"}, \"object\": {\"target_bank_code\": \"Cathay\", \"target_acct_nbr\": \"OZQLNWDYQCHSHHEODTET\"}, \"channel\": {\"address_zipcode\": 752557, \"machine_bank_code\": \"Cathay\"}}",3696969600,atm
customer_id,36,transfer,3698321526,saving_acct,TDJPPDRYAJSUNXIMSCDN,ATM,LYMHORHUEZUJEINNYHDB,"{\"action\": {\"txn_amt\": 1082.9672436487317, \"txn_fee_amt\": 15.0, \"trans_type\": \"trans_in\"}, \"object\": {\"target_bank_code\": \"Cathay\", \"target_acct_nbr\": \"OZQLNWDYQCHSHHEODTET\"}, \"channel\": {\"address_zipcode\": 752557, \"machine_bank_code\": \"Cathay\"}}",3696969600,atm
customer_id,10,withdraw,3698326182,saving_acct,OAKTEWWYUKYDMTQKWALO,ATM,TDGIGIYMBQQBLMGJWXEM,"{\"action\": {\"txn_amt\": 876.1966417547583, \"txn_fee_amt\": 15.0, \"trans_type\": \"trans_out\"}, \"object\": {\"target_bank_code\": \"Cathay\", \"target_acct_nbr\": \"LWKFAELIGRHQSTWKQZHC\"}, \"channel\": {\"address_zipcode\": 385021, \"machine_bank_code\": \"Cathay\"}}",3696969600,atm
customer_id,35,withdraw,3698326182,saving_acct,OAKTEWWYUKYDMTQKWALO,ATM,TDGIGIYMBQQBLMGJWXEM,"{\"action\": {\"txn_amt\": 876.1966417547583, \"txn_fee_amt\": 15.0, \"trans_type\": \"trans_out\"}, \"object\": {\"target_bank_code\": \"Cathay\", \"target_acct_nbr\": \"LWKFAELIGRHQSTWKQZHC\"}, \"channel\": {\"address_zipcode\": 385021, \"machine_bank_code\": \"Cathay\"}}",3696969600,atm
